{
    "accuracy": 0.9995665366276549,
    "precision": 0.9997695852534563,
    "recall": 0.9990789776652084,
    "log_loss": 0.017719028355260347
}